product_code,item_name
1,While
2,Color
3,Four
4,Unit
5,Development
6,Surface
7,Study
8,When
9,Charge
10,Onto
11,Meeting
12,These
13,Method
14,Choose
15,Fine
16,Hear
17,Successful
18,Spend
19,Sort
20,Street
21,Explain
22,Describe
23,His
24,Sport
25,Beautiful
26,Mission
27,Realize
28,Glass
29,Similar
30,Movie
31,Specific
32,Bank
33,Under
34,Personal
35,Project
36,That
37,Structure
38,View
39,True
40,Appear
41,Minute
42,West
43,Old
44,Do
45,Figure
46,Allow
47,Space
48,Over
49,Feel
50,Recently
51,Develop
52,Sure
53,Total
54,Too
55,Draw
56,Cover
57,Party
58,Economic
59,Available
60,Say
61,Difficult
62,Produce
63,Full
64,End
65,Feel
66,Peace
67,Discover
68,Onto
69,Air
70,Finish
71,Dog
72,Meeting
73,Mother
74,Write
75,Group
76,Believe
77,Stay
78,Focus
79,Second
80,Much
81,Long
82,Per
83,Maybe
84,Single
85,Account
86,Effect
87,High
88,Still
89,Central
90,Very
91,Close
92,Strong
93,Manage
94,Everyone
95,Mother
96,Fact
97,Another
98,Tell
99,Great
100,Sound
